{"loss": [3.381178855895996], "accuracy": [0.1294642835855484], "val_loss": [3.2887558937072754], "val_accuracy": [0.14209827780723572]}