{"loss": [3.382453680038452], "accuracy": [0.12340561300516129], "val_loss": [3.2909531593322754], "val_accuracy": [0.15537849068641663]}