{"loss": [3.418525218963623], "accuracy": [0.12404336780309677], "val_loss": [3.3016841411590576], "val_accuracy": [0.10624170303344727]}